,name,country,category,Latitude,Longitude
0,BORDO PONIENTE,Mexico,Dumpsites,19.452996,-99.016299
1,CLUJ NAPOCA,Romania,Dumpsites,46.76510351,23.68727446
2,JARDIM GRAMACHO,Brazil,Dumpsites,-22.7489058,-43.2589781
3,PAYATAS,Philippines,Dumpsites,14.71425825,121.1067581
4,DANDORA MUNICIPAL DUMPING SITE,Kenya,Dumpsites,-1.24926569,36.89538138
5,ORADEA,Romania,Dumpsites,47.10964041,21.85702086
6,LA CHURECA,Nicaragua,Dumpsites,12.1658554,-86.3033152
7,BANTAR GEBANG,Indonesia,Dumpsites,-6.347885868,106.9970083
8,OKHLA,India,Dumpsites,28.32374,77.1781718
9,OLUSHOSUN,Nigeria,Dumpsites,6.59272532,3.378510475
10,BHALASWA,India,Dumpsites,28.74041964,77.15741158
11,DEONAR,India,Dumpsites,19.07231893,72.92677403
12,TRUTIER,Haiti,Dumpsites,18.6101938,-72.33403802
13,GHAZIPUR,India,Dumpsites,28.62502474,77.32744217
14,EL TREBOL,Guatemala,Dumpsites,14.62731301,-90.53275108
15,K'ARA K'ARA,Bolivia,Dumpsites,-17.4772867,-66.1243875
16,STUNG MEANCHEY,Cambodia,Dumpsites,11.53406243,104.8976326
17,KODUNGAIYUR,India,Dumpsites,13.13435818,80.26847362
18,MEHMOOD BOOTI,Pakistan,Dumpsites,31.60997221,74.38688278
19,PERUGUNDI,India,Dumpsites,12.95491878,80.2239275
20,SKAFIDARAS,Greece,Dumpsites,35.32849231,25.05083442
21,BARILOCHE,Argentina,Dumpsites,-41.17503619,-71.35499954
22,ALUSHTA,Ukraine,Dumpsites,44.72191754,34.43486452
23,GASPRA,Ukraine,Dumpsites,44.44940626,34.10666942
24,IKSHA,Russia,Dumpsites,56.20690687,37.41527081
25,NOVOSIBIRSK,Russia,Dumpsites,55.05296905,83.07309866
26,SIDON,Lebanon,Dumpsites,33.55026501,35.36456108
27,BISHEK DUMPSITE,Kyrgyzstan,Dumpsites,42.96722225,74.5889579
28,PREDIO,Argentina,Dumpsites,-38.07528889,-57.6506611
29,DHAPA,India,Dumpsites,22.53893819,88.42331171
30,PIRANA,India,Dumpsites,22.98022411,72.56733656
31,REPI,Ethiopia,Dumpsites,8.975500449,38.71208667
32,BASURAL DE CONCEPCIÓN,Argentina,Dumpsites,-32.5032389,-58.2716222
33,BASURAL DE ROQUE SÁENZ PEÑA,Argentina,Dumpsites,-26.7747222,-60.4711111
34,MBEUBEUSS,Senegal,Dumpsites,14.803593,-17.3132516
35,LA DUQUESA,Dominican Republic,Dumpsites,18.5608972,-69.9680215
36,IERAPETRA,Greece,Dumpsites,35.0427868,25.72960496
37,KERATEA,Greece,Dumpsites,37.79826797,24.04171228
38,KALYBIA,Greece,Dumpsites,37.84654507,23.89797806
39,SCHISTO,Greece,Dumpsites,37.98719996,23.59964132
40,DOUROUTI,Greece,Dumpsites,39.61731389,20.81468333
41,ARTA,Greece,Dumpsites,39.14172745,21.00483477
42,TEGUCIGALPA DUMP,Honduras,Dumpsites,14.14843056,-87.22414444
43,MOTI JHEEL,India,Dumpsites,26.84452778,80.90634722
44,AL AKAIDER,Jordan,Dumpsites,32.51515396,36.11229658
45,AL RUSSEIFEH,Jordan,Dumpsites,32.00660211,36.0555625
46,ENEKA,Nigeria,Dumpsites,4.8904136,7.0429872
47,GOSA,Nigeria,Dumpsites,8.9322945,7.2385383
48,AWOTAN (APETE) DUMPSITE,Nigeria,Dumpsites,7.463069444,3.84910556
49,LAPITE,Nigeria,Dumpsites,7.569898142,3.912607472
50,AJAKANGA DUMPSITE,Nigeria,Dumpsites,7.312511111,3.840638889
51,JAM CHAKRO,Pakistan,Dumpsites,25.02819399,67.03392914
52,ABULE EGBA,Nigeria,Dumpsites,6.639253072,3.302121521
53,SOLOUS,Nigeria,Dumpsites,6.570991605,3.253802697
54,SOLOUS 2,Nigeria,Dumpsites,6.571507004,3.251759081
55,AGBOGBLOSHIE,Ghana,Dumpsites,5.553955695,-0.227229314
56,ESTRUTURAL,Brazil,Dumpsites,-15.76512764,-48.00105911
57,REQUE,Peru,Dumpsites,-6.90746912,-79.76876625
58,HULENE,Mozambique,Dumpsites,-25.90019265,32.59796248
59,PUGU KINYAMWEZI,Tanzania,Dumpsites,-6.928539633,39.13193267
60,KIBARANI DUMPSITE,Kenya,Dumpsites,-4.033321787,39.64823736
61,EL MILAGRO,Peru,Dumpsites,-8.0274607,-79.0462366
62,JOHR AL DEEK,Palestinian Territory,Dumpsites,31.45755031,34.45293712
63,SUWUNG DUMP,Indonesia,Dumpsites,-8.72179847,115.2202154
64,LUIPAARDSVLEI,South Africa,Dumpsites,-26.12006127,27.78616621
65,BRUHAT BANAGLORE MAHANAGARA PALIKE (BBMP)  (MANDUR DUMPSITE),India,Dumpsites,13.08437532,77.72578436
66,VINČA,Serbia,Dumpsites,44.78640624,20.59951214
67,AL HUSAINEYAT,Jordan,Dumpsites,32.25592848,36.34920188
68,NEW ENGLAND ROAD WASTE DUMPSITE,South Africa,Dumpsites,-29.60642374,30.41980126
69,HTAIN BIN DUMPSITE,Myanmar,Dumpsites,16.89799884,96.02109526
70,HTWEI CHAUNG,Myanmar,Dumpsites,16.91878529,96.18377781
71,ARLINGTON WASTE DUMPSITE,South Africa,Dumpsites,-34.01332488,25.57220695
72,EPE,Nigeria,Dumpsites,6.6492196,4.0381622
73,DOUMANZANA DUMP,Mali,Dumpsites,12.681867,-7.937742
74,GRANVILLE BROOK DUMPSITE (KISSY DUMPSITE),Sierra Leone,Dumpsites,8.48202966,-13.20956153
75,SOFA LANDFILL (RAFAH MUNICIPALITY LANDFILL),Palestinian Territory,Dumpsites,31.27077418,34.3276996
76,DEIR AL BALAH,Palestinian Territory,Dumpsites,31.3922865,34.38194042
77,CANCHARANI,Peru,Dumpsites,-15.89226091,-70.02836912
78,LAGOON DUMP SITE,South Sudan,Dumpsites,4.827499829,31.5056986
79,JAQUIRA (HAQUIRA),Peru,Dumpsites,-13.55214949,-72.01725376
80,TIBAR LANDFILL,East Timor,Dumpsites,-8.577469039,125.5002518
81,QUEBRADA HONDA ISPAMPA YURA,Peru,Dumpsites,-16.27227604,-71.64744037
82,CHINANDEGA BOTADERO,Nicaragua,Dumpsites,12.62082067,-87.14393619
83,RAMNICU SARAT LANDFILL,Romania,Dumpsites,45.36677634,27.06631655
84,BAKOTEH DUMPSITE,The Gambia,Dumpsites,13.43924713,-16.6972772
85,DOUDA DUMPSITE,Djibouti,Dumpsites,11.52346833,43.16389851
86,SAN JOSECITO,Venezuela,Dumpsites,7.64102,-72.21321
87,MOYOBAMABA DUMPSITE,Peru,Dumpsites,-5.9984,-76.99572
88,TUMBES DUMPSITE,Peru,Dumpsites,-3.59798,-80.4193
89,CHIMBOTE DUMPSITE,Peru,Dumpsites,-9.03881,-78.60944
90,PIURA DUMPSITE,Peru,Dumpsites,-5.16932,-80.55949
91,JULIACA DUMPSITE,Peru,Dumpsites,-15.49927,-70.10296
92,GAOYAN,China,Sanitary Landfills,26.63574962,106.8029236
93,ASMOC,Brazil,Sanitary Landfills,-3.79650349,-38.66917133
94,BANDEIRANTES,Brazil,Sanitary Landfills,-23.42216056,-46.75544142
95,CAMPINAS,Brazil,Sanitary Landfills,-22.91570936,-47.14701175
96,BAHIA BLANCA,Argentina,Sanitary Landfills,-38.77201938,-62.155838
97,PUERTO DE CHIVOS,Mexico,Sanitary Landfills,19.5869222,-99.2790699
98,PEROBAS,Brazil,Sanitary Landfills,-19.91421807,-44.05885577
99,FOZ DO IGUASU,Brazil,Sanitary Landfills,-25.46299829,-54.60848808
100,EL MOLLE,Chile,Sanitary Landfills,-33.08909661,-71.63502216
101,EL GUACAL,Colombia,Sanitary Landfills,6.260436111,-75.63139722
102,CHUNCHEON,South Korea,Sanitary Landfills,37.79771269,127.6785778
103,GANGNEUNG,South Korea,Sanitary Landfills,37.68945798,128.9894485
104,DNEPROPETROVSK,Ukraine,Sanitary Landfills,48.65355184,35.18174171
105,GUAYMAS,Mexico,Sanitary Landfills,28.0050869,-110.9506702
106,GAOANTUN,China,Sanitary Landfills,39.9440085,116.6151194
107,GLIWICE,Poland,Sanitary Landfills,50.26333886,18.66697311
108,GERICINO,Brazil,Sanitary Landfills,-22.84230502,-43.47491741
109,GOIANIA,Brazil,Sanitary Landfills,-16.64532007,-49.36599254
110,FEIRA DE SANTANA,Brazil,Sanitary Landfills,-12.24439804,-38.9908647
111,LEPANTO DEPOSIT I,Chile,Sanitary Landfills,-33.62937825,-70.66891193
112,HASARS,Mexico,Sanitary Landfills,20.91887362,-103.4544324
113,LEGAJNY,Poland,Sanitary Landfills,53.81717293,20.625844
114,KONSKIE,Poland,Sanitary Landfills,51.18041908,20.37654876
115,KOBIERNIKI,Poland,Sanitary Landfills,52.61391484,19.59372997
116,KATOWISE,Poland,Sanitary Landfills,50.32679268,18.9833343
117,GAC OLAWA,Poland,Sanitary Landfills,50.8881453,17.39084243
118,GORNJI MILANOVAC,Serbia,Sanitary Landfills,43.98985047,20.42630911
119,JASTRZEBIE,Poland,Sanitary Landfills,49.96866843,18.6443996
120,JILIN CITY LANDFILL,China,Sanitary Landfills,43.90101561,126.4527655
121,KARGASHINO,Russia,Sanitary Landfills,55.9622764,37.7585144
122,GREENGAIRS,United Kingdom,Sanitary Landfills,55.90277106,-3.93263339
123,NORTH EAST TERRITORIES LANDFILL,China,Sanitary Landfills,22.5440414,114.1679263
124,ENSENADA,Mexico,Sanitary Landfills,31.88131117,-116.5577316
125,BOWER,Argentina,Sanitary Landfills,-31.5584249,-64.23500061
126,BORISPOL,Ukraine,Sanitary Landfills,50.3061715,30.9315776
127,DONETSK,Ukraine,Sanitary Landfills,47.8769224,37.9216718
128,PRIMORSKYI,Ukraine,Sanitary Landfills,47.0878613,37.4890422
129,TAOSHUGANG,China,Sanitary Landfills,29.1266348,111.7439711
130,XINGFENG,China,Sanitary Landfills,23.2646917,113.4854548
131,CROWS NEST,United Kingdom,Sanitary Landfills,57.066044,-2.5135027
132,ODAYERI,Turkey,Sanitary Landfills,41.2161766,28.8581657
133,KOMURCUODA,Turkey,Sanitary Landfills,41.1450849,29.3707466
134,MAVRORAHI,Greece,Sanitary Landfills,40.8477096,23.0802154
135,BORG EL ARAB,Egypt,Sanitary Landfills,30.91658471,29.45503235
136,MARIANNHILL LANDFILL,South Africa,Sanitary Landfills,-29.84800493,30.83893418
137,BISASAR,South Africa,Sanitary Landfills,-29.81677031,30.97878456
138,CHUNGA,Zambia,Sanitary Landfills,-15.34902416,28.26889515
139,ASTANA LANDFILL,Kazakhstan,Sanitary Landfills,51.21642726,71.52910709
140,TEHRAN LANDFILL,Iran,Sanitary Landfills,35.47164512,51.33550644
141,ENVIRONMENTAL COMPLEX NORTE III C MODULE,Argentina,Sanitary Landfills,-34.52395432,-58.61510754
142,ENVIRONMENTAL COMPLEX NORTE III B MODULE,Argentina,Sanitary Landfills,-34.53265181,-58.62064362
143,ENVIRONMENTAL COMPLEX NORTE III A MODULE,Argentina,Sanitary Landfills,-34.53342959,-58.61480713
144,FYLI LANDFILL,Greece,Sanitary Landfills,38.07434551,23.65077496
145,EL PANUL LANDFILL,Chile,Sanitary Landfills,-30.0152265,-71.36139393
146,CTR CANDEIAS LANDFILL,Brazil,Sanitary Landfills,-8.16330973,-34.98510361
147,CADEREYTA LANDFILL,Mexico,Sanitary Landfills,25.63583895,-99.97989893
148,BETIM,Brazil,Sanitary Landfills,-20.01689346,-44.23690081
149,SAN MARTIN DE LOS ANDES LANDFILL,Argentina,Sanitary Landfills,-40.13039419,-71.21904373
150,ORDZHONIKIDZEVSKY LANDFILL,Ukraine,Sanitary Landfills,47.13578982,37.62967587
151,LOS VAZQUEZ SANITARY LANDFILL,Argentina,Sanitary Landfills,-26.87568404,-65.20175457
152,SALTILLO SANITARY LANDFILL,Mexico,Sanitary Landfills,25.45792237,-101.0536194
153,KHELMINTSKY LANDFILL,Ukraine,Sanitary Landfills,49.46109542,26.96403265
154,CIUDAD JUAREZ LANDFILL,Mexico,Sanitary Landfills,31.5579129,-106.4951992
155,OUJDA LANDFILL,Morocco,Sanitary Landfills,34.58001243,-1.941876411
156,DOUALA LANDFILL,Cameroon,Sanitary Landfills,4.041201748,9.781951904
157,MPASA LANDFILL,Democratic Republic of the Congo,Sanitary Landfills,-4.367154374,15.53816557
158,ABU ZABAL,Egypt,Sanitary Landfills,30.28152807,31.36090279
159,TARBOLTON,United Kingdom,Sanitary Landfills,55.5266089,-4.4888599
160,EASTER LANGLEE No 2,United Kingdom,Sanitary Landfills,55.6178855,-2.7657872
161,AUCHINLEA,United Kingdom,Sanitary Landfills,55.8126138,-3.8995494
162,STRAID FARM,United Kingdom,Sanitary Landfills,55.1760972,-4.9208611
163,RESTENNETH,United Kingdom,Sanitary Landfills,56.6505727,-2.8504372
164,SAN JAVIER I,Argentina,Sanitary Landfills,-24.85104371,-65.37899494
165,SAN JAVIER II,Argentina,Sanitary Landfills,-24.8513163,-65.38371563
166,GRANISH,United Kingdom,Sanitary Landfills,57.2117659,-3.8166554
167,AUCHENINNES,United Kingdom,Sanitary Landfills,54.9276583,-3.7957389
168,TREARNE QUARRY LANDFILL,United Kingdom,Sanitary Landfills,55.7199917,-4.6509722
169,COCKENZIE ASH LAGOONS,United Kingdom,Sanitary Landfills,55.9514417,-3.0413239
170,COMPLEJO AMBIENTAL ENSENADA,Argentina,Sanitary Landfills,-34.8498139,-57.9636528
171,PERGAMINO,Argentina,Sanitary Landfills,-33.9275191,-60.5442028
172,SAN NICOLÁS,Argentina,Sanitary Landfills,-33.3243806,-60.2729886
173,TANDIL,Argentina,Sanitary Landfills,-37.2779357,-59.1910889
174,RÍO CUARTO,Argentina,Sanitary Landfills,-33.1667889,-64.2792889
175,CORRIENTES,Argentina,Sanitary Landfills,-27.5019913,-58.746142
176,SANTA ROSA,Argentina,Sanitary Landfills,-36.5998992,-64.3280023
177,FACHINAL,Argentina,Sanitary Landfills,-27.64246557,-55.7967335
178,SAN JAVIER III,Argentina,Sanitary Landfills,-24.85415899,-65.38090467
179,COMPLEJO AMBIENTAL GONZALEZ CATAN,Argentina,Sanitary Landfills,-34.7867543,-58.6639696
180,ENVIRONMENTAL COMPLEX NORTE III,Argentina,Sanitary Landfills,-34.54382287,-58.60691071
181,CUIABÁ,Brazil,Sanitary Landfills,-15.53217381,-56.03671074
182,SUDOKWON,South Korea,Sanitary Landfills,37.57723579,126.6139984
183,SEATER,United Kingdom,Sanitary Landfills,58.5217359,-3.2947132
184,BUBANJ,Serbia,Sanitary Landfills,43.284771,21.888336
185,CACHOEIRO DE ITAPERMIRIM,Brazil,Sanitary Landfills,-20.85444,-41.087473
186,COLATINA,Brazil,Sanitary Landfills,-19.494711,-40.642397
187,LF BG AKSAKOVO (VARNA),Bulgaria,Sanitary Landfills,43.2850462,27.8555182
188,SUBOTICA,Serbia,Sanitary Landfills,46.07935,19.686429
189,ARANDJELOVAC,Serbia,Sanitary Landfills,44.3420933,20.5351123
190,BACKA PALANKA,Serbia,Sanitary Landfills,45.244316,19.438043
191,BACKI PETROVAC,Serbia,Sanitary Landfills,45.362192,19.617799
192,BECEJ,Serbia,Sanitary Landfills,45.5924101,20.0464484
193,BELGRADE,Serbia,Sanitary Landfills,44.7853175,20.5953019
194,BOGATIC,Serbia,Sanitary Landfills,44.8331167,19.4539894
195,CAJETINA,Serbia,Sanitary Landfills,43.710668,19.67385
196,DIMITROVGRAD,Serbia,Sanitary Landfills,43.0260965,22.8120152
197,EL EMPALME,Chile,Sanitary Landfills,-41.581882,-73.234276
198,GLAVNA,Serbia,Sanitary Landfills,45.3112946,19.8430884
199,INDJIJA,Serbia,Sanitary Landfills,45.086584,20.048477
200,ITAOCA,Brazil,Sanitary Landfills,-22.77478,-43.040145
201,IVANJICA,Serbia,Sanitary Landfills,43.5472823,20.2548059
202,JAGODINA,Serbia,Sanitary Landfills,43.9756169,21.2774094
203,KOVACICA,Serbia,Sanitary Landfills,45.118056,20.706944
204,KRAGUJEVAC,Serbia,Sanitary Landfills,44.0367457,20.927324
205,KRALJEVO,Serbia,Sanitary Landfills,43.7339532,20.7071889
206,KULA,Serbia,Sanitary Landfills,45.5777857,19.5416756
207,VALORSUL- VILA FRANCA XIRA,Portugal,Sanitary Landfills,38.91656467,-9.068698883
208,VALORSUL- CADAVAL,Portugal,Sanitary Landfills,39.1858137,-9.1460966
209,CEKEND,Romania,Sanitary Landfills,46.305246,25.379684
210,ALBION,United Kingdom,Sanitary Landfills,52.75478875,-1.53585434
211,CANDLES,United Kingdom,Sanitary Landfills,52.66657134,-2.500548363
212,CHATSWORTH BLUE HAZE,United Kingdom,Sanitary Landfills,50.86569674,-1.832356453
213,CROFT FARM,United Kingdom,Sanitary Landfills,53.58149978,-1.16253376
214,LIDSEY,United Kingdom,Sanitary Landfills,50.82480665,-0.681109428
215,LING HALL,United Kingdom,Sanitary Landfills,52.36103009,-1.340332031
216,OCKENDON,United Kingdom,Sanitary Landfills,51.52874409,0.312509537
217,PITSEA,United Kingdom,Sanitary Landfills,51.53859479,0.522022247
218,HIGHMOOR,United Kingdom,Sanitary Landfills,53.55754374,-2.043156624
219,RAINHAM,United Kingdom,Sanitary Landfills,51.49327457,0.197024345
220,SANDY LANE,United Kingdom,Sanitary Landfills,52.38492506,-2.070665359
221,RAUTENWEG,Austria,Sanitary Landfills,48.26276985,16.48183107
222,POVOA DE LANHOSO,Portugal,Sanitary Landfills,41.57808535,-8.3152771
223,MAIA,Portugal,Sanitary Landfills,41.22645766,-8.652012348
224,MIRANDELA,Portugal,Sanitary Landfills,41.37477976,-7.146391869
225,VIANA DO CASTELO,Portugal,Sanitary Landfills,41.64596334,-8.765158653
226,GAIA,Portugal,Sanitary Landfills,41.04503545,-8.59392643
227,VALENÇA,Portugal,Sanitary Landfills,41.97542,-8.66861
228,LOUSADA,Portugal,Sanitary Landfills,41.071643,-8.349352
229,PENAFIEL,Portugal,Sanitary Landfills,41.316296,-8.297542
230,AVEIRO,Portugal,Sanitary Landfills,40.65915483,-8.596930504
231,COIMBRA,Portugal,Sanitary Landfills,40.16260813,-8.50414753
232,FIGUEIRA DA FOZ,Portugal,Sanitary Landfills,40.06884348,-8.861889839
233,TONDELA,Portugal,Sanitary Landfills,40.46784549,-8.159065247
234,PALMELA,Portugal,Sanitary Landfills,38.61264539,-8.97608757
235,CASCAIS,Portugal,Sanitary Landfills,38.934777,-9.28331852
236,CUBA,Portugal,Sanitary Landfills,38.24317289,-7.952293754
237,BEJA,Portugal,Sanitary Landfills,37.92602131,-7.867069244
238,ÄMMÄSSUO,Finland,Sanitary Landfills,60.23661573,24.53401566
239,GETLINI,Latvia,Sanitary Landfills,56.88598642,24.26399231
240,KRIZEVNIEKI,Latvia,Sanitary Landfills,56.4030621,27.2900104
241,DEMENE,Latvia,Sanitary Landfills,55.749253,26.49475
242,KAUDZITES,Latvia,Sanitary Landfills,57.163232,26.948816
243,PENTULI,Latvia,Sanitary Landfills,57.274855,21.540111
244,KIVITES,Latvia,Sanitary Landfills,56.564573,21.195222
245,JANVARI,Latvia,Sanitary Landfills,57.317855,22.560031
246,GRANTINI,Latvia,Sanitary Landfills,56.5179254,24.187453
247,BRAKSKI,Latvia,Sanitary Landfills,56.659641,23.618426
248,DAIBE,Latvia,Sanitary Landfills,57.4543702,25.1086803
249,DZILA VADA,Latvia,Sanitary Landfills,56.520393,26.166937
250,ZEBRENE,Latvia,Sanitary Landfills,56.5862239,22.8388683
251,CAMINO REAL LANDFILL,Mexico,Sanitary Landfills,31.78849631,-106.5926519
252,LOMA LOS COLORADOS,Chile,Sanitary Landfills,-32.95466453,-70.79795837
253,SANTA MARTA,Chile,Sanitary Landfills,-33.6972611,-70.79863889
254,SANTIAGO PONIENTE,Chile,Sanitary Landfills,-33.5257611,-70.869875
255,MARE CHICOSE,Mauritius,Sanitary Landfills,-20.3880122,57.6279333
256,NUBARASHEN,Armenia,Sanitary Landfills,40.1049695,44.5459738
257,GWANGJU LANDFILL,South Korea,Sanitary Landfills,35.0870852,126.888744
258,AMARI LANDFILL,Greece,Sanitary Landfills,35.28855947,24.63799953
259,PERA GALINON LANDFILL,Greece,Sanitary Landfills,35.38786043,24.92630482
260,N. KAZANTZAKIS,Greece,Sanitary Landfills,35.16309087,25.14577389
261,CHERSONISOS LANDFILL,Greece,Sanitary Landfills,35.27639446,25.38181901
262,VIANNOS LANDFILL,Greece,Sanitary Landfills,35.04968191,25.42419791
263,AGIOS NIKOLAOS LANDFILL,Greece,Sanitary Landfills,35.21913574,25.682441
264,SITIA LANDFILL,Greece,Sanitary Landfills,35.19404659,26.20009661
265,PAROS LANDFILL,Greece,Sanitary Landfills,37.04944482,25.16027954
266,MIKONOS LANDFILL,Greece,Sanitary Landfills,37.4442673,25.36532879
267,FOLEGANDROS LANDFILL,Greece,Sanitary Landfills,36.6192994,24.9331069
268,AGATHONISI LANDFILL,Greece,Sanitary Landfills,37.4701199,26.9832229
269,AMORGOS LANDFILL,Greece,Sanitary Landfills,36.80115395,25.87274373
270,SYROS LNADFILL,Greece,Sanitary Landfills,37.4701816,24.9432547
271,SERIFOS LANDFILL,Greece,Sanitary Landfills,37.11414778,24.4965291
272,ANTHEMOUNTAS LANDFILL,Greece,Sanitary Landfills,40.39729722,23.20904444
273,SERRES LANDFILL,Greece,Sanitary Landfills,41.1881912,23.4396161
274,SKYROS LANDFILL,Greece,Sanitary Landfills,38.87516473,24.53259945
275,THIVA LANDFILL,Greece,Sanitary Landfills,38.33435169,23.38160992
276,XEROLAKKAS LANDFILL,Greece,Sanitary Landfills,38.24107892,21.78833485
277,ARTA LANDFILL,Greece,Sanitary Landfills,39.19704131,21.01066589
278,IOANNINA LANDFILL,Greece,Sanitary Landfills,39.55805947,20.94590664
279,PARAMITHIAS LANDFILL,Greece,Sanitary Landfills,39.38755244,20.49604654
280,KOZANI LANDFILL,Greece,Sanitary Landfills,40.45360914,21.81884766
281,ANATOLIKI SAMOS LANDFILL,Greece,Sanitary Landfills,37.75992637,26.92216873
282,NOTIA CHIOS LANDFILL,Greece,Sanitary Landfills,38.26296878,26.00476478
283,LIMNOS LANDFILL,Greece,Sanitary Landfills,39.96291184,25.09680748
284,LESVOS LANDFILL,Greece,Sanitary Landfills,39.22700075,26.36881828
285,KASSANDRA LANDFILL,Greece,Sanitary Landfills,40.03153309,23.44521046
286,POLIGIROS LANDFILL,Greece,Sanitary Landfills,40.40366012,23.41581345
287,ARGALASTI LANDFILL,Greece,Sanitary Landfills,39.25847597,23.23651314
288,ISTIAIA LANDFILL,Greece,Sanitary Landfills,38.96040278,23.18386944
289,IGOUMENISTA LANDFILL,Greece,Sanitary Landfills,39.51266324,20.3696287
290,KEFALONIA LANDFILL,Greece,Sanitary Landfills,38.30984444,20.44046944
291,LIVADIA LANDFILL,Greece,Sanitary Landfills,38.46123402,22.81892538
292,XYLOKASTRO LANDFILL,Greece,Sanitary Landfills,38.07416944,22.59058889
293,VOLOS LANDFILL,Greece,Sanitary Landfills,39.38999064,22.86401633
294,LARISA LANDFILL,Greece,Sanitary Landfills,39.79679734,22.42535105
295,KOMOTINI LANDFILL,Greece,Sanitary Landfills,41.13879444,25.49077778
296,MERIDA LANDFILL,Mexico,Sanitary Landfills,20.96969489,-89.71190929
297,CUMBERS LANDFILL,Mexico,Sanitary Landfills,21.70532311,-102.2734451
298,SAN NICOLAS LANDFILL,Mexico,Sanitary Landfills,22.00528907,-102.3660994
299,FUNDO LAS CRUCES,Chile,Sanitary Landfills,-36.69450683,-72.17242956
300,EL GUANCO,Chile,Sanitary Landfills,-34.8247318,-71.182942
301,EL ALTO,Chile,Sanitary Landfills,-33.5612274,-71.5836278
302,SIMEPRODE,Mexico,Sanitary Landfills,25.8610572,-100.2987814
303,CTR-PE,Brazil,Sanitary Landfills,-7.710802778,-34.94538889
304,PICHACAY,Ecuador,Sanitary Landfills,-2.964663889,-78.92920556
305,LOJA,Ecuador,Sanitary Landfills,-4.0288718,-79.221158
306,PLATKOP,South Africa,Sanitary Landfills,-26.4163111,28.2643869
307,SIMMER AND JACK WASTE SITE,South Africa,Sanitary Landfills,-26.2066078,28.1431428
308,WELTEVREDEN,South Africa,Sanitary Landfills,-26.2094558,28.3609164
309,RIETFONTEIN,South Africa,Sanitary Landfills,-26.2943424,28.418145
310,ROOIKRAAL,South Africa,Sanitary Landfills,-26.3075722,28.2719904
311,KWAGGASRAND,South Africa,Sanitary Landfills,-25.775826,28.1060121
312,SOSHANGUVE,South Africa,Sanitary Landfills,-25.45520278,28.10908889
313,ONDERSTEPOORT,South Africa,Sanitary Landfills,-25.6510031,28.1506425
314,HATHERLEY,South Africa,Sanitary Landfills,-25.7373209,28.4063735
315,GA-RANKUWA,South Africa,Sanitary Landfills,-25.5822318,27.9842841
316,GARSTKLOOF,South Africa,Sanitary Landfills,-25.834206,28.2745055
317,VALHALLA,South Africa,Sanitary Landfills,-25.80655,28.1225167
318,DERDEPOORT,South Africa,Sanitary Landfills,-25.6794457,28.2879167
319,REDRUTH LANDFILL,New Zealand,Sanitary Landfills,-44.42044849,171.2497791
320,DJEBEL CHAKIR,Tunisia,Sanitary Landfills,36.73982826,10.0712999
321,SANA'A LANDFILL,Yemen,Sanitary Landfills,15.47854774,44.15484231
322,ADEN LANDFILL,Yemen,Sanitary Landfills,12.83134209,44.86873906
323,SAYUN TARIM,Yemen,Sanitary Landfills,15.99379825,48.87959322
324,HADIBO,Yemen,Sanitary Landfills,12.67735829,54.09196596
325,ZABID,Yemen,Sanitary Landfills,14.21247473,43.30395659
326,GHALILAH,Yemen,Sanitary Landfills,14.54677676,49.07885989
327,IBB,Yemen,Sanitary Landfills,14.02239129,44.16854069
328,BÉJA,Tunisia,Sanitary Landfills,36.70415688,9.195655212
329,BIZERTE,Tunisia,Sanitary Landfills,37.26950995,9.778353386
330,GABÈS,Tunisia,Sanitary Landfills,33.92346409,10.00451725
331,DJERBA GUELLALA,Tunisia,Sanitary Landfills,33.69712716,10.89550417
332,MÉDENINE,Tunisia,Sanitary Landfills,33.39102947,10.75469658
333,TUNIS / KABOUTI,Tunisia,Sanitary Landfills,36.54631911,10.31013887
334,NABEUL,Tunisia,Sanitary Landfills,36.72304379,10.74685179
335,JENDOUBA,Tunisia,Sanitary Landfills,36.46921486,8.786328658
336,KAIROUAN,Tunisia,Sanitary Landfills,35.7145298,9.978109226
337,MAHDIA,Tunisia,Sanitary Landfills,35.40153827,10.94664853
338,MEDJEZ EL-BAB,Tunisia,Sanitary Landfills,36.62841766,9.623441901
339,MONASTIR,Tunisia,Sanitary Landfills,35.71675982,10.73354803
340,SFAX,Tunisia,Sanitary Landfills,34.70804954,10.52521549
341,SILIANA,Tunisia,Sanitary Landfills,36.11043695,9.340541773
342,ZAGOUAN,Tunisia,Sanitary Landfills,36.46321043,10.09885591
343,JERICHO SANITARY LANDFILL FILL  1,Palestinian Territory,Sanitary Landfills,31.8449716,35.50210258
344,JERICHO SANITARY LANDFILL FILL  2,Palestinian Territory,Sanitary Landfills,31.84530881,35.50367972
345,EL HAMMAM LANDFILL,Egypt,Sanitary Landfills,30.75575701,29.41785894
346,15TH MAY,Egypt,Sanitary Landfills,29.79704006,31.3548772
347,NAAMEH,Lebanon,Sanitary Landfills,33.753227,35.49902759
348,BSALIM,Lebanon,Sanitary Landfills,33.89399134,35.60492557
349,ZAHLE,Lebanon,Sanitary Landfills,33.79815602,35.91481291
350,FES DISPOSAL SITE,Morocco,Sanitary Landfills,34.00468032,-4.932088852
351,EL JADIDA DISPOSAL SITE,Morocco,Sanitary Landfills,33.19966188,-8.513889313
352,ESSAOUIRA DISPOSAL SITE,Morocco,Sanitary Landfills,31.52074268,-9.663763046
353,RABAT DISPOSAL SITE,Morocco,Sanitary Landfills,33.8722061,-6.8096566
354,BERKANE DISPOSAL SITE,Morocco,Sanitary Landfills,34.90253854,-2.405429184
355,GUELMIM DISPOSAL SITE,Morocco,Sanitary Landfills,28.97437513,-10.02467036
356,MOHAMMEDIA-BENSLIMANE DISPOSAL SITE,Morocco,Sanitary Landfills,33.62804719,-7.295479774
357,CASABLANCA DISPOSAL SITE,Morocco,Sanitary Landfills,33.4820687,-7.536706924
358,BELLADANZA LANDFILL,Italy,Sanitary Landfills,43.403698,12.264194
359,BORGOGIGLIONE LANDFILL,Italy,Sanitary Landfills,43.209242,12.270306
360,COLOGNOLA LANDFILL,Italy,Sanitary Landfills,43.295348,12.617493
361,LE CRETE LANDFILL,Italy,Sanitary Landfills,42.753305,12.104393
362,PIETRAMELINA LANDFILL,Italy,Sanitary Landfills,43.279119,12.423969
363,SANT' ORSOLA LANDFILL,Italy,Sanitary Landfills,42.779036,12.637994
364,TAFAIGATA LANDFILL,Samoa,Sanitary Landfills,-13.83975714,-171.8433997
365,TAPUHIA LANDFILL,Tonga,Sanitary Landfills,-21.18421169,-175.1875377
366,SHARRA LANDFILL,Albania,Sanitary Landfills,41.29679191,19.76076186
367,GHABAWI,Jordan,Sanitary Landfills,31.93380813,36.18673325
368,BELROSE LANDFILL,Australia,Sanitary Landfills,-33.71637853,151.2086695
369,LUCAS HEIGHTS,Australia,Sanitary Landfills,-34.04003597,150.9676516
370,WALLGROVE ROAD LANDFILL,Australia,Sanitary Landfills,-33.81434259,150.8632573
371,JACK'S GULLY LANDFILL,Australia,Sanitary Landfills,-34.073727,150.747469
372,WOODLAWN LANDFILL,Australia,Sanitary Landfills,-35.06246048,149.5705318
373,BATHURST SERVICE CENTRE,Australia,Sanitary Landfills,-33.9609556,150.9084405
374,NAMMOONA LANDFILL FACILITY,Australia,Sanitary Landfills,-28.82447603,153.0258554
375,DENILIQUIN WASTE DEPOT,Australia,Sanitary Landfills,-35.49038507,144.9514326
376,GOULBURN LANDFILL,Australia,Sanitary Landfills,-34.75304192,149.7562346
377,THARBOGANG WASTE DISPOSAL FACILITY,Australia,Sanitary Landfills,-34.2290882,145.9770745
378,MURRUMBATEMAN LANDFILL,Australia,Sanitary Landfills,-34.99228106,148.9930683
379,GREGADOO WASTE MANAGEMENT CENTRE,Australia,Sanitary Landfills,-35.21012488,147.3813128
380,WEST WYALONG LANDFILL,Australia,Sanitary Landfills,-33.905666,147.210557
381,BLAXLAND LANDFILL,Australia,Sanitary Landfills,-33.73396744,150.6132138
382,ELIZABETH DRIVE LANDFILL,Australia,Sanitary Landfills,-33.863731,150.758192
383,KIMBRIKI RESOURCE RECOVERY CENTRE,Australia,Sanitary Landfills,-33.68747377,151.2310231
384,STOTTS CREEK LANDFILL,Australia,Sanitary Landfills,-28.29372494,153.4948611
385,GRAFTON LANDFILL,Australia,Sanitary Landfills,-29.76589545,152.9192913
386,WYRALLAH ROAD WASTE FACILITY,Australia,Sanitary Landfills,-28.8437433,153.282854
387,MYOCUM LANDFILL,Australia,Sanitary Landfills,-28.59031555,153.5126764
388,NAMBUCCA LANDFILL,Australia,Sanitary Landfills,-30.65122704,152.9607582
389,TUNCURRY LANDFILL,Australia,Sanitary Landfills,-32.12478047,152.4954057
390,AWABA LANDFILL,Australia,Sanitary Landfills,-33.02402916,151.5525395
391,BULAHDELAH LANDFILL,Australia,Sanitary Landfills,-32.38852792,152.2205973
392,CESSNOCK LANDFILL,Australia,Sanitary Landfills,-32.82029363,151.3894236
393,BUTTONDERRY WASTE MANAGEMENT FACILITY,Australia,Sanitary Landfills,-33.20692441,151.4267546
394,MUSWELLBROOK LANDFILL,Australia,Sanitary Landfills,-32.2580406,150.9148443
395,NEWLINE ROAD LANDFILL,Australia,Sanitary Landfills,-32.72951011,151.7565027
396,SINGLETON LANDFILL,Australia,Sanitary Landfills,-32.55128301,151.2065238
397,STROUD LANDFILL,Australia,Sanitary Landfills,-32.41384879,151.9869554
398,THE BUCKETS WAY LANDFILL,Australia,Sanitary Landfills,-31.94618799,152.4331596
399,TEA GARDENS LANDFILL,Australia,Sanitary Landfills,-32.64818314,152.1418422
400,WOY WOY WASTE MANAGEMENT FACILITY,Australia,Sanitary Landfills,-33.50991189,151.2916034
401,HERNANI LANDFILL,Australia,Sanitary Landfills,-30.29054248,152.4656707
402,CRESCENT HEAD ROAD LANDFILL,Australia,Sanitary Landfills,-31.13016466,152.8777814
403,CENTRE D ENFOUISSEMENT TECHNIQUE DE NOUAKCHOTT,Mauritania,Sanitary Landfills,17.99521628,-15.76435262
404,GROUPEMENT DRAA BEN KHEDDA ET TIRMITINE,Algeria,Sanitary Landfills,36.70612812,4.012385605
405,OUACIF,Algeria,Sanitary Landfills,36.5292188,4.201522182
406,CET CHLEF,Algeria,Sanitary Landfills,36.12217688,1.282939299
407,CET STAOUELI,Algeria,Sanitary Landfills,36.73498288,2.900922517
408,CET JIJEL,Algeria,Sanitary Landfills,36.77701246,5.752640088
409,CET BERKA ZERGA,Algeria,Sanitary Landfills,36.81471487,7.632366455
410,GROUPEMENT DE SIDI BEL ABBES,Algeria,Sanitary Landfills,35.20372117,-0.584004794
411,CET GROUPEMENT ORAN OUEST,Algeria,Sanitary Landfills,35.68031407,-0.900639559
412,CET EL OUTAYA,Algeria,Sanitary Landfills,34.9116457,5.662313973
413,CET M'SILA,Algeria,Sanitary Landfills,35.7553972,4.5060194
414,CET-RAS BOUIRA,Algeria,Sanitary Landfills,36.35562286,3.93034137
415,CET TEBESSA,Algeria,Sanitary Landfills,35.37087102,8.185435947
416,CET CHREA WILAYA DE TEBESSA,Algeria,Sanitary Landfills,35.2681699,7.672914654
417,GROUPEMENT KOUDIAT  ASFOUR (W. BATNA),Algeria,Sanitary Landfills,35.51368563,6.118351208
418,CET EL TARF,Algeria,Sanitary Landfills,36.72334054,8.298568284
419,CET SOUMAA (W. BLIDA),Algeria,Sanitary Landfills,36.52924611,2.949865926
420,CET TISSEMSILT,Algeria,Sanitary Landfills,35.59956179,1.85059724
421,CET BAGHAI (W. KHENCHELA),Algeria,Sanitary Landfills,35.49774049,7.126334018
422,CET SIDI RACHED (W. TIPAZA),Algeria,Sanitary Landfills,36.57194368,2.510197576
423,CET OULED BOUHALOUF (W. MILA),Algeria,Sanitary Landfills,36.4044304,6.223228782
424,CET MECHRIA (W. NAAMA),Algeria,Sanitary Landfills,33.44031657,-0.271587013
425,CET SIDI HAIDER (W. SETIF),Algeria,Sanitary Landfills,36.23819856,5.477208432
426,CET VALLEE DU M'ZAB (GHARDAIA),Algeria,Sanitary Landfills,32.56666474,3.705450363
427,CET RELIZANE,Algeria,Sanitary Landfills,35.79583776,0.716099632
428,CET BARAL SALAH (SOUK AHRAS),Algeria,Sanitary Landfills,36.27661732,7.996673967
429,CET DJELFA,Algeria,Sanitary Landfills,34.56955215,3.253912066
430,OUARGLA LANDFILL,Algeria,Sanitary Landfills,32.03130422,5.263076667
431,CET BOUSSAADA,Algeria,Sanitary Landfills,35.18043198,4.178349661
432,CET AIN TAGHROUT (W. BORDJ BOU ARRERIRDJ),Algeria,Sanitary Landfills,36.16633256,5.073873997
433,CET BOUGUERGUER (W. GUELMA),Algeria,Sanitary Landfills,36.4873699,7.470352602
434,BEJAIA LANDFILL,Algeria,Sanitary Landfills,36.72413391,5.014008476
435,"GROUPEMENT MESSAD, DELDOUL (W. DJELFA)",Algeria,Sanitary Landfills,34.13522932,3.504069824
436,GROUPEMENT HAMADIA-MEHDIA (W. TIARET),Algeria,Sanitary Landfills,35.45045898,1.865531327
437,CET DRAA EL MIZAN (W. TIZI OUZOU),Algeria,Sanitary Landfills,36.57194227,3.859927714
438,ZEF ZEF (SKIKDA),Algeria,Sanitary Landfills,36.83563653,6.909419081
439,OUED SMAR,Algeria,Sanitary Landfills,36.69904343,3.155702762
440,CET HAMICI,Algeria,Sanitary Landfills,36.66377432,2.82644419
441,CET CORSO- BOUMERDES,Algeria,Sanitary Landfills,36.72392352,3.451162675
442,LAREDO LANDFILL,Mexico,Sanitary Landfills,27.54242409,-99.58307532
443,MORELIA LANDFILL,Mexico,Sanitary Landfills,19.69453183,-101.3509065
444,QUERETARO LANDFILL,Mexico,Sanitary Landfills,20.67706103,-100.4925157
445,NAUCALPAN LANDFILL,Mexico,Sanitary Landfills,19.49515527,-99.30043554
446,TUXTLA GUTIERREZ LANDFILL,Mexico,Sanitary Landfills,16.66662356,-93.19641475
447,COMALCALCO LANDFILL,Mexico,Sanitary Landfills,18.22874714,-93.25015268
448,TRIPOLI CONTROLLED DUMP,Lebanon,Sanitary Landfills,34.45608519,35.83925119
449,KRUSEVAC LANDFILL,Serbia,Sanitary Landfills,43.647778,21.283889
450,RUSSELL LANDFILL,New Zealand,Sanitary Landfills,-35.26697907,174.1329638
451,AHIPARA LANDFILL,New Zealand,Sanitary Landfills,-35.15378513,173.1728081
452,REDVALE LANDFILL,New Zealand,Sanitary Landfills,-36.65822135,174.6269409
453,WHITFORD LANDFILL,New Zealand,Sanitary Landfills,-36.93898639,174.9927147
454,HAMPTON DOWNS LANDFILL,New Zealand,Sanitary Landfills,-37.37133544,175.0593837
455,TIROHIA LANDFILL,New Zealand,Sanitary Landfills,-37.43538319,175.6604497
456,TOKOROA LANDFILL,New Zealand,Sanitary Landfills,-38.20398491,175.8897356
457,ROTORUA DISTRICT SANITARY LANDFILL,New Zealand,Sanitary Landfills,-38.18770546,176.2305133
458,CLARIS LANDFILL,New Zealand,Sanitary Landfills,-36.23305045,175.4589299
459,BURMA ROAD LANDFILL,New Zealand,Sanitary Landfills,-37.96944118,177.0209948
460,WAITOMO DISTRICT LANDFILL,New Zealand,Sanitary Landfills,-38.32884916,175.1823791
461,WAIAPU LANDFILL,New Zealand,Sanitary Landfills,-37.88751363,178.288314
462,COLSON ROAD LANDFILL,New Zealand,Sanitary Landfills,-39.05810939,174.1233722
463,RUAPEHU DISTRICT LANDFILL,New Zealand,Sanitary Landfills,-38.8609898,175.2420787
464,BROADLANDS ROAD LANDFILL,New Zealand,Sanitary Landfills,-38.68410356,176.1268966
465,WAIOURU LANDFILL,New Zealand,Sanitary Landfills,-39.43010313,175.6914667
466,BONNY GLEN LANDFILL,New Zealand,Sanitary Landfills,-40.0516822,175.2785246
467,LEVIN LANDFILL,New Zealand,Sanitary Landfills,-40.60909082,175.212038
468,SPICER VALLEY LANDFILL,New Zealand,Sanitary Landfills,-41.16196931,174.8151247
469,WAIROA LANDFILL,New Zealand,Sanitary Landfills,-39.04767362,177.4124761
470,OMARUNUI LANDFILL,New Zealand,Sanitary Landfills,-39.54294023,176.7815892
471,CENTRAL HAWKES BAY DISTRICT LANDFILL,New Zealand,Sanitary Landfills,-40.0564371,176.613181
472,PONGAROA LANDFILL,New Zealand,Sanitary Landfills,-40.54562754,176.1951749
473,EKETAHUNA LANDFILL,New Zealand,Sanitary Landfills,-40.65639645,175.6877009
474,SILVERSTREAM LANDFILL,New Zealand,Sanitary Landfills,-41.16166313,174.9970921
475,WAINUIOMATA LANDFILL,New Zealand,Sanitary Landfills,-41.30096212,174.9458425
476,SOUTHERN LANDFILL,New Zealand,Sanitary Landfills,-41.32333153,174.7463592
477,YORK VALLEY LANDFILL,New Zealand,Sanitary Landfills,-41.30599141,173.2732169
478,EVES VALLEY LANDFILL,New Zealand,Sanitary Landfills,-41.33118617,173.0778364
479,MCLEAN'S PIT LANDFILL,New Zealand,Sanitary Landfills,-42.43208999,171.2556895
480,BUTLERS LANDFILL,New Zealand,Sanitary Landfills,-42.70320778,171.0015448
481,VICTORIA FLATS LANDFILL,New Zealand,Sanitary Landfills,-45.04748945,169.0217141
482,FAIRFIELD LANDFILL,New Zealand,Sanitary Landfills,-45.90612177,170.4044143
483,AB LIME LIMITED LANDFILL,New Zealand,Sanitary Landfills,-46.13049784,168.3783702
484,MOUNT COOEE LANDFILL,New Zealand,Sanitary Landfills,-46.24293066,169.7588281
485,GREEN ISLAND LANDFILL,New Zealand,Sanitary Landfills,-45.90631657,170.4118022
486,WAIKOUAITI LANDFILL,New Zealand,Sanitary Landfills,-45.60310236,170.6864401
487,PALMERSTON LANDFILL,New Zealand,Sanitary Landfills,-45.49513552,170.7054118
488,OAMARU LANDFILL,New Zealand,Sanitary Landfills,-45.11196837,170.9650239
489,KATE VALLEY LANDFILL,New Zealand,Sanitary Landfills,-43.09897889,172.8316911
490,INNOVATIVE WASTE KAIKOURA LANDFILL,New Zealand,Sanitary Landfills,-42.41171109,173.6774604
491,MARLBOROUGH REGIONAL LANDFILL (BLUEGUMS),New Zealand,Sanitary Landfills,-41.56413664,173.9371904
492,DANNEVIRKE LANDFILL,New Zealand,Sanitary Landfills,-40.21927793,176.0943153
493,PAHIATUA LANDFILL,New Zealand,Sanitary Landfills,-40.43851314,175.8229594
494,KARAMEA REFUSE TIP,New Zealand,Sanitary Landfills,-41.23209822,172.1350207
495,TARRAS LANDFILL,New Zealand,Sanitary Landfills,-44.82526449,169.3980495
496,PRISTINA LANDFILL,Kosovo,Sanitary Landfills,42.66722886,21.06254183
497,KITEEZI LANDFILL,Uganda,Sanitary Landfills,0.410994841,32.57577387
498,BOUFFA LANDFILL,Vanuatu,Sanitary Landfills,-17.74012747,168.3845458
499,BEDDINGTON LANE LANDFILL,United Kingdom,Sanitary Landfills,51.38148604,-0.146910005
500,EDGEFIELD LANDFILL,United Kingdom,Sanitary Landfills,52.87780643,1.097113335
501,YORK COUNTY LANDFILL,,Sanitary Landfills,40.9078428,-9.760522996
502,SOUTH EAST NEW TERRITORIES LANDFILL,China,Sanitary Landfills,22.2820827,114.2801312
503,WEST NEW TERRITORIES LANDFILL,China,Sanitary Landfills,22.4214327,113.9344561
504,GAMODUBU LANDFILL,Botswana,Sanitary Landfills,-24.48614572,25.71410615
505,SANTIAGO LANDFILL,Cape Verde,Sanitary Landfills,14.99641287,-23.49778542
506,MALPAIS LANDFILL,Netherlands,Sanitary Landfills,12.16865,-68.98894
